{
  "frames": {
    "Untitled-7_0001_Layer-11.png": {
      "frame": {
        "x": 2,
        "y": 2,
        "w": 256,
        "h": 256
      },
      "rotated": false,
      "trimmed": false,
      "spriteSourceSize": {
        "x": 0,
        "y": 0,
        "w": 256,
        "h": 256
      },
      "sourceSize": {
        "w": 256,
        "h": 256
      },
      "pivot": {
        "x": 0.5,
        "y": 0.5
      }
    },
    "Untitled-3.png": {
      "frame": {
        "x": 2,
        "y": 262,
        "w": 200,
        "h": 199
      },
      "rotated": false,
      "trimmed": false,
      "spriteSourceSize": {
        "x": 0,
        "y": 0,
        "w": 200,
        "h": 199
      },
      "sourceSize": {
        "w": 200,
        "h": 199
      },
      "pivot": {
        "x": 0.5,
        "y": 0.5
      }
    },
    "Untitled-7_0000_Layer-12.png": {
      "frame": {
        "x": 2,
        "y": 465,
        "w": 256,
        "h": 33
      },
      "rotated": false,
      "trimmed": false,
      "spriteSourceSize": {
        "x": 0,
        "y": 0,
        "w": 256,
        "h": 33
      },
      "sourceSize": {
        "w": 256,
        "h": 33
      },
      "pivot": {
        "x": 0.5,
        "y": 0.5
      }
    },
    "Untitled-2.png": {
      "frame": {
        "x": 206,
        "y": 262,
        "w": 596,
        "h": 129
      },
      "rotated": false,
      "trimmed": false,
      "spriteSourceSize": {
        "x": 0,
        "y": 0,
        "w": 596,
        "h": 129
      },
      "sourceSize": {
        "w": 596,
        "h": 129
      },
      "pivot": {
        "x": 0.5,
        "y": 0.5
      }
    }
  },
  "meta": {
    "app": "http://free-tex-packer.com",
    "version": "0.6.7",
    "image": "day.png",
    "format": "RGBA8888",
    "size": {
      "w": 1024,
      "h": 512
    },
    "scale": 1
  }
}