{
  "frames": {
    "Untitled-10.png": {
      "frame": {
        "x": 2,
        "y": 2,
        "w": 348,
        "h": 268
      },
      "rotated": false,
      "trimmed": false,
      "spriteSourceSize": {
        "x": 0,
        "y": 0,
        "w": 348,
        "h": 268
      },
      "sourceSize": {
        "w": 348,
        "h": 268
      },
      "pivot": {
        "x": 0.5,
        "y": 0.5
      }
    },
    "Untitled-8.png": {
      "frame": {
        "x": 2,
        "y": 274,
        "w": 210,
        "h": 214
      },
      "rotated": false,
      "trimmed": false,
      "spriteSourceSize": {
        "x": 0,
        "y": 0,
        "w": 210,
        "h": 214
      },
      "sourceSize": {
        "w": 210,
        "h": 214
      },
      "pivot": {
        "x": 0.5,
        "y": 0.5
      }
    },
    "Untitled-17.png": {
      "frame": {
        "x": 216,
        "y": 274,
        "w": 149,
        "h": 206
      },
      "rotated": false,
      "trimmed": false,
      "spriteSourceSize": {
        "x": 0,
        "y": 0,
        "w": 149,
        "h": 206
      },
      "sourceSize": {
        "w": 149,
        "h": 206
      },
      "pivot": {
        "x": 0.5,
        "y": 0.5
      }
    },
    "Untitled-14_0001_Group-4.png": {
      "frame": {
        "x": 354,
        "y": 2,
        "w": 256,
        "h": 256
      },
      "rotated": false,
      "trimmed": false,
      "spriteSourceSize": {
        "x": 0,
        "y": 0,
        "w": 256,
        "h": 256
      },
      "sourceSize": {
        "w": 256,
        "h": 256
      },
      "pivot": {
        "x": 0.5,
        "y": 0.5
      }
    },
    "Untitled-12.png": {
      "frame": {
        "x": 614,
        "y": 2,
        "w": 350,
        "h": 31
      },
      "rotated": false,
      "trimmed": false,
      "spriteSourceSize": {
        "x": 0,
        "y": 0,
        "w": 350,
        "h": 31
      },
      "sourceSize": {
        "w": 350,
        "h": 31
      },
      "pivot": {
        "x": 0.5,
        "y": 0.5
      }
    },
    "Untitled-9_0002_Group-3-copy-2.png": {
      "frame": {
        "x": 369,
        "y": 262,
        "w": 151,
        "h": 151
      },
      "rotated": false,
      "trimmed": false,
      "spriteSourceSize": {
        "x": 0,
        "y": 0,
        "w": 151,
        "h": 151
      },
      "sourceSize": {
        "w": 151,
        "h": 151
      },
      "pivot": {
        "x": 0.5,
        "y": 0.5
      }
    },
    "Untitled-9_0000_Group-31-copy-4.png": {
      "frame": {
        "x": 369,
        "y": 417,
        "w": 91,
        "h": 78
      },
      "rotated": false,
      "trimmed": false,
      "spriteSourceSize": {
        "x": 0,
        "y": 0,
        "w": 91,
        "h": 78
      },
      "sourceSize": {
        "w": 91,
        "h": 78
      },
      "pivot": {
        "x": 0.5,
        "y": 0.5
      }
    },
    "Untitled-9_0001_Group-2.png": {
      "frame": {
        "x": 464,
        "y": 417,
        "w": 200,
        "h": 44
      },
      "rotated": false,
      "trimmed": false,
      "spriteSourceSize": {
        "x": 0,
        "y": 0,
        "w": 200,
        "h": 44
      },
      "sourceSize": {
        "w": 200,
        "h": 44
      },
      "pivot": {
        "x": 0.5,
        "y": 0.5
      }
    },
    "Untitled-14_0000_Layer-16.png": {
      "frame": {
        "x": 464,
        "y": 465,
        "w": 257,
        "h": 34
      },
      "rotated": false,
      "trimmed": false,
      "spriteSourceSize": {
        "x": 0,
        "y": 0,
        "w": 257,
        "h": 34
      },
      "sourceSize": {
        "w": 257,
        "h": 34
      },
      "pivot": {
        "x": 0.5,
        "y": 0.5
      }
    },
    "Untitled-11_0001_broken-tile.png": {
      "frame": {
        "x": 725,
        "y": 465,
        "w": 189,
        "h": 31
      },
      "rotated": false,
      "trimmed": false,
      "spriteSourceSize": {
        "x": 0,
        "y": 0,
        "w": 189,
        "h": 31
      },
      "sourceSize": {
        "w": 189,
        "h": 31
      },
      "pivot": {
        "x": 0.5,
        "y": 0.5
      }
    },
    "Untitled-1.png": {
      "frame": {
        "x": 524,
        "y": 262,
        "w": 135,
        "h": 135
      },
      "rotated": false,
      "trimmed": false,
      "spriteSourceSize": {
        "x": 0,
        "y": 0,
        "w": 135,
        "h": 135
      },
      "sourceSize": {
        "w": 135,
        "h": 135
      },
      "pivot": {
        "x": 0.5,
        "y": 0.5
      }
    },
    "Untitled-11_0000_Layer-51.png": {
      "frame": {
        "x": 663,
        "y": 262,
        "w": 177,
        "h": 31
      },
      "rotated": false,
      "trimmed": false,
      "spriteSourceSize": {
        "x": 0,
        "y": 0,
        "w": 177,
        "h": 31
      },
      "sourceSize": {
        "w": 177,
        "h": 31
      },
      "pivot": {
        "x": 0.5,
        "y": 0.5
      }
    }
  },
  "meta": {
    "app": "http://free-tex-packer.com",
    "version": "0.6.7",
    "image": "night.png",
    "format": "RGBA8888",
    "size": {
      "w": 1024,
      "h": 512
    },
    "scale": 1
  }
}